<?xml version="1.0" encoding="UTF-8"?>
<DARoots Version="1"
		Minor="19">
	<FileSet Name="sources_1"
			Type="DesignSrcs"
			RelSrcDir="$PSRCDIR/sources_1">
		<Filter Type="Srcs"/>
		<File Path="$PPRDIR/../ipcore_dir/SDRAM.ngc">
			<FileInfo>
				<Attr Name="UsedInSynthesis"
						Val="1"/>
				<Attr Name="UsedInImplementation"
						Val="1"/>
				<Attr Name="UsedInSimulation"
						Val="1"/>
			</FileInfo>
		</File>
		<File Path="$PPRDIR/../ipcore_dir/vio.ngc">
			<FileInfo>
				<Attr Name="UsedInSynthesis"
						Val="1"/>
				<Attr Name="UsedInImplementation"
						Val="1"/>
				<Attr Name="UsedInSimulation"
						Val="1"/>
			</FileInfo>
		</File>
		<File Path="$PPRDIR/../ipcore_dir/SRAM.ngc">
			<FileInfo>
				<Attr Name="UsedInSynthesis"
						Val="1"/>
				<Attr Name="UsedInImplementation"
						Val="1"/>
				<Attr Name="UsedInSimulation"
						Val="1"/>
			</FileInfo>
		</File>
		<File Path="$PPRDIR/../ipcore_dir/ila.ngc">
			<FileInfo>
				<Attr Name="UsedInSynthesis"
						Val="1"/>
				<Attr Name="UsedInImplementation"
						Val="1"/>
				<Attr Name="UsedInSimulation"
						Val="1"/>
			</FileInfo>
		</File>
		<File Path="$PPRDIR/../ipcore_dir/icon.ngc">
			<FileInfo>
				<Attr Name="UsedInSynthesis"
						Val="1"/>
				<Attr Name="UsedInImplementation"
						Val="1"/>
				<Attr Name="UsedInSimulation"
						Val="1"/>
			</FileInfo>
		</File>
		<File Path="$PPRDIR/../ipcore_dir/SDRAM.vhd">
			<FileInfo>
				<Attr Name="UsedInSynthesis"
						Val="1"/>
				<Attr Name="UsedInImplementation"
						Val="1"/>
				<Attr Name="UsedInSimulation"
						Val="1"/>
			</FileInfo>
		</File>
		<File Path="$PPRDIR/../SDRAM_Controller.vhd">
			<FileInfo>
				<Attr Name="UsedInSynthesis"
						Val="1"/>
				<Attr Name="UsedInImplementation"
						Val="1"/>
				<Attr Name="UsedInSimulation"
						Val="1"/>
			</FileInfo>
		</File>
		<File Path="$PPRDIR/../ipcore_dir/vio.vhd">
			<FileInfo>
				<Attr Name="UsedInSynthesis"
						Val="1"/>
				<Attr Name="UsedInImplementation"
						Val="1"/>
				<Attr Name="UsedInSimulation"
						Val="1"/>
			</FileInfo>
		</File>
		<File Path="$PPRDIR/../ipcore_dir/SRAM.vhd">
			<FileInfo>
				<Attr Name="UsedInSynthesis"
						Val="1"/>
				<Attr Name="UsedInImplementation"
						Val="1"/>
				<Attr Name="UsedInSimulation"
						Val="1"/>
			</FileInfo>
		</File>
		<File Path="$PPRDIR/../ipcore_dir/ila.vhd">
			<FileInfo>
				<Attr Name="UsedInSynthesis"
						Val="1"/>
				<Attr Name="UsedInImplementation"
						Val="1"/>
				<Attr Name="UsedInSimulation"
						Val="1"/>
			</FileInfo>
		</File>
		<File Path="$PPRDIR/../ipcore_dir/icon.vhd">
			<FileInfo>
				<Attr Name="UsedInSynthesis"
						Val="1"/>
				<Attr Name="UsedInImplementation"
						Val="1"/>
				<Attr Name="UsedInSimulation"
						Val="1"/>
			</FileInfo>
		</File>
		<File Path="$PPRDIR/../CPU_gen.vhd">
			<FileInfo>
				<Attr Name="UsedInSynthesis"
						Val="1"/>
				<Attr Name="UsedInImplementation"
						Val="1"/>
				<Attr Name="UsedInSimulation"
						Val="1"/>
			</FileInfo>
		</File>
		<File Path="$PPRDIR/../CacheController.vhd">
			<FileInfo>
				<Attr Name="UsedInSynthesis"
						Val="1"/>
				<Attr Name="UsedInImplementation"
						Val="1"/>
				<Attr Name="UsedInSimulation"
						Val="1"/>
			</FileInfo>
		</File>
		<Config>
			<Option Name="DesignMode"
					Val="RTL"/>
			<Option Name="TopModule"
					Val="CacheController"/>
			<Option Name="TopLib"
					Val="work"/>
			<Option Name="TopArchitecture"
					Val="Behavioral"/>
			<Option Name="TopRTLFile"
					Val="$PPRDIR/../CacheController.vhd"/>
			<Option Name="TopAutoSet"
					Val="TRUE"/>
		</Config>
	</FileSet>
</DARoots>
